{"cameraMode":{"drawMode":0,"name":"Shaded","section":"Shading Mode"},"sceneLighting":true,"audioPlay":false,"sceneViewState":{"m_AlwaysRefresh":false,"showFog":true,"showSkybox":true,"showFlares":true,"showImageEffects":true,"showParticleSystems":true,"showVisualEffectGraphs":true,"m_FxEnabled":true},"in2DMode":false,"pivot":{"x":12.134987831115723,"y":-8.19025707244873,"z":14.564138412475586},"rotation":{"x":0.09914262592792511,"y":0.009263571351766587,"z":-0.0009223768138326705,"w":0.995036244392395},"size":28.602657318115236,"orthographic":false}